imie1,nazwisko1,120
imie2,nazwisko2,120
imie3,nazwisko3,120
imie4,nazwisko4,120
imie5,nazwisko5,120
imie6,nazwisko6,120
imie7,nazwisko7,120
imie8,nazwisko8,120
imie9,nazwisko9,120
imie10,nazwisko10,120
imie11,nazwisko11,119
imie12,nazwisko12,119
imie13,nazwisko13,119
imie14,nazwisko14,119
imie15,nazwisko15,119
imie16,nazwisko16,119
imie17,nazwisko17,119
imie18,nazwisko18,119
imie19,nazwisko19,119
imie20,nazwisko20,119
imie21,nazwisko21,119
imie22,nazwisko22,119
imie23,nazwisko23,118
imie24,nazwisko24,118
imie25,nazwisko25,118
imie26,nazwisko26,118
imie27,nazwisko27,118
imie28,nazwisko28,118
imie29,nazwisko29,118
imie30,nazwisko30,118
imie31,nazwisko31,118
imie32,nazwisko32,118
imie33,nazwisko33,118
imie34,nazwisko34,117
imie35,nazwisko35,117
imie36,nazwisko36,117
imie37,nazwisko37,117
imie38,nazwisko38,117
imie39,nazwisko39,117
imie40,nazwisko40,117
imie41,nazwisko41,117
imie42,nazwisko42,117
imie43,nazwisko43,117
imie44,nazwisko44,117
imie45,nazwisko45,116
imie46,nazwisko46,116
imie47,nazwisko47,116
imie48,nazwisko48,116
imie49,nazwisko49,116
imie50,nazwisko50,116
imie51,nazwisko51,116
imie52,nazwisko52,116
imie53,nazwisko53,116
imie54,nazwisko54,116
imie55,nazwisko55,116
imie56,nazwisko56,116
imie57,nazwisko57,115
imie58,nazwisko58,115
imie59,nazwisko59,115
imie60,nazwisko60,115
imie61,nazwisko61,115
imie62,nazwisko62,115
imie63,nazwisko63,115
imie64,nazwisko64,115
imie65,nazwisko65,115
imie66,nazwisko66,115
imie67,nazwisko67,115
imie68,nazwisko68,114
imie69,nazwisko69,114
imie70,nazwisko70,114
imie71,nazwisko71,114
imie72,nazwisko72,114
imie73,nazwisko73,114
imie74,nazwisko74,114
imie75,nazwisko75,114
imie76,nazwisko76,114
imie77,nazwisko77,114
imie78,nazwisko78,114
imie79,nazwisko79,114
imie80,nazwisko80,113
imie81,nazwisko81,113
imie82,nazwisko82,113
imie83,nazwisko83,113
imie84,nazwisko84,113
imie85,nazwisko85,113
imie86,nazwisko86,113
imie87,nazwisko87,113
imie88,nazwisko88,113
imie89,nazwisko89,113
imie90,nazwisko90,113
imie91,nazwisko91,112
imie92,nazwisko92,112
imie93,nazwisko93,112
imie94,nazwisko94,112
imie95,nazwisko95,112
imie96,nazwisko96,112
imie97,nazwisko97,112
imie98,nazwisko98,112
imie99,nazwisko99,112
imie100,nazwisko100,112
imie101,nazwisko101,112
imie102,nazwisko102,111
imie103,nazwisko103,111
imie104,nazwisko104,111
imie105,nazwisko105,111
imie106,nazwisko106,111
imie107,nazwisko107,111
imie108,nazwisko108,111
imie109,nazwisko109,111
imie110,nazwisko110,111
imie111,nazwisko111,111
imie112,nazwisko112,111
imie113,nazwisko113,111
imie114,nazwisko114,110
imie115,nazwisko115,110
imie116,nazwisko116,110
imie117,nazwisko117,110
imie118,nazwisko118,110
imie119,nazwisko119,110
imie120,nazwisko120,110
imie121,nazwisko121,110
imie122,nazwisko122,110
imie123,nazwisko123,110
imie124,nazwisko124,110
imie125,nazwisko125,109
imie126,nazwisko126,109
imie127,nazwisko127,109
imie128,nazwisko128,109
imie129,nazwisko129,109
imie130,nazwisko130,109
imie131,nazwisko131,109
imie132,nazwisko132,109
imie133,nazwisko133,109
imie134,nazwisko134,109
imie135,nazwisko135,109
imie136,nazwisko136,109
imie137,nazwisko137,108
imie138,nazwisko138,108
imie139,nazwisko139,108
imie140,nazwisko140,108
imie141,nazwisko141,108
imie142,nazwisko142,108
imie143,nazwisko143,108
imie144,nazwisko144,108
imie145,nazwisko145,108
imie146,nazwisko146,108
imie147,nazwisko147,108
imie148,nazwisko148,107
imie149,nazwisko149,107
imie150,nazwisko150,107
imie151,nazwisko151,107
imie152,nazwisko152,107
imie153,nazwisko153,107
imie154,nazwisko154,107
imie155,nazwisko155,107
imie156,nazwisko156,107
imie157,nazwisko157,107
imie158,nazwisko158,107
imie159,nazwisko159,107
imie160,nazwisko160,106
imie161,nazwisko161,106
imie162,nazwisko162,106
imie163,nazwisko163,106
imie164,nazwisko164,106
imie165,nazwisko165,106
imie166,nazwisko166,106
imie167,nazwisko167,106
imie168,nazwisko168,106
imie169,nazwisko169,106
imie170,nazwisko170,106
imie171,nazwisko171,105
imie172,nazwisko172,105
imie173,nazwisko173,105
imie174,nazwisko174,105
imie175,nazwisko175,105
imie176,nazwisko176,105
imie177,nazwisko177,105
imie178,nazwisko178,105
imie179,nazwisko179,105
imie180,nazwisko180,105
imie181,nazwisko181,105
imie182,nazwisko182,104
imie183,nazwisko183,104
imie184,nazwisko184,104
imie185,nazwisko185,104
imie186,nazwisko186,104
imie187,nazwisko187,104
imie188,nazwisko188,104
imie189,nazwisko189,104
imie190,nazwisko190,104
imie191,nazwisko191,104
imie192,nazwisko192,104
imie193,nazwisko193,104
imie194,nazwisko194,103
imie195,nazwisko195,103
imie196,nazwisko196,103
imie197,nazwisko197,103
imie198,nazwisko198,103
imie199,nazwisko199,103
imie200,nazwisko200,103
imie201,nazwisko201,103
imie202,nazwisko202,103
imie203,nazwisko203,103
imie204,nazwisko204,103
imie205,nazwisko205,102
imie206,nazwisko206,102
imie207,nazwisko207,102
imie208,nazwisko208,102
imie209,nazwisko209,102
imie210,nazwisko210,102
imie211,nazwisko211,102
imie212,nazwisko212,102
imie213,nazwisko213,102
imie214,nazwisko214,102
imie215,nazwisko215,102
imie216,nazwisko216,102
imie217,nazwisko217,101
imie218,nazwisko218,101
imie219,nazwisko219,101
imie220,nazwisko220,101
imie221,nazwisko221,101
imie222,nazwisko222,101
imie223,nazwisko223,101
imie224,nazwisko224,101
imie225,nazwisko225,101
imie226,nazwisko226,101
imie227,nazwisko227,101
imie228,nazwisko228,100
imie229,nazwisko229,100
imie230,nazwisko230,100
imie231,nazwisko231,100
imie232,nazwisko232,100
imie233,nazwisko233,100
imie234,nazwisko234,100
imie235,nazwisko235,100
imie236,nazwisko236,100
imie237,nazwisko237,100
imie238,nazwisko238,100
imie239,nazwisko239,99
imie240,nazwisko240,99
imie241,nazwisko241,99
imie242,nazwisko242,99
imie243,nazwisko243,99
imie244,nazwisko244,99
imie245,nazwisko245,99
imie246,nazwisko246,99
imie247,nazwisko247,99
imie248,nazwisko248,99
imie249,nazwisko249,99
imie250,nazwisko250,99
imie251,nazwisko251,98
imie252,nazwisko252,98
imie253,nazwisko253,98
imie254,nazwisko254,98
imie255,nazwisko255,98
imie256,nazwisko256,98
imie257,nazwisko257,98
imie258,nazwisko258,98
imie259,nazwisko259,98
imie260,nazwisko260,98
imie261,nazwisko261,98
imie262,nazwisko262,97
imie263,nazwisko263,97
imie264,nazwisko264,97
imie265,nazwisko265,97
imie266,nazwisko266,97
imie267,nazwisko267,97
imie268,nazwisko268,97
imie269,nazwisko269,97
imie270,nazwisko270,97
imie271,nazwisko271,97
imie272,nazwisko272,97
imie273,nazwisko273,97
imie274,nazwisko274,96
imie275,nazwisko275,96
imie276,nazwisko276,96
imie277,nazwisko277,96
imie278,nazwisko278,96
imie279,nazwisko279,96
imie280,nazwisko280,96
imie281,nazwisko281,96
imie282,nazwisko282,96
imie283,nazwisko283,96
imie284,nazwisko284,96
imie285,nazwisko285,95
imie286,nazwisko286,95
imie287,nazwisko287,95
imie288,nazwisko288,95
imie289,nazwisko289,95
imie290,nazwisko290,95
imie291,nazwisko291,95
imie292,nazwisko292,95
imie293,nazwisko293,95
imie294,nazwisko294,95
imie295,nazwisko295,95
imie296,nazwisko296,94
imie297,nazwisko297,94
imie298,nazwisko298,94
imie299,nazwisko299,94
imie300,nazwisko300,94
imie301,nazwisko301,94
imie302,nazwisko302,94
imie303,nazwisko303,94
imie304,nazwisko304,94
imie305,nazwisko305,94
imie306,nazwisko306,94
imie307,nazwisko307,94
imie308,nazwisko308,93
imie309,nazwisko309,93
imie310,nazwisko310,93
imie311,nazwisko311,93
imie312,nazwisko312,93
imie313,nazwisko313,93
imie314,nazwisko314,93
imie315,nazwisko315,93
imie316,nazwisko316,93
imie317,nazwisko317,93
imie318,nazwisko318,93
imie319,nazwisko319,92
imie320,nazwisko320,92
imie321,nazwisko321,92
imie322,nazwisko322,92
imie323,nazwisko323,92
imie324,nazwisko324,92
imie325,nazwisko325,92
imie326,nazwisko326,92
imie327,nazwisko327,92
imie328,nazwisko328,92
imie329,nazwisko329,92
imie330,nazwisko330,92
imie331,nazwisko331,91
imie332,nazwisko332,91
imie333,nazwisko333,91
imie334,nazwisko334,91
imie335,nazwisko335,91
imie336,nazwisko336,91
imie337,nazwisko337,91
imie338,nazwisko338,91
imie339,nazwisko339,91
imie340,nazwisko340,91
imie341,nazwisko341,91
imie342,nazwisko342,90
imie343,nazwisko343,90
imie344,nazwisko344,90
imie345,nazwisko345,90
imie346,nazwisko346,90
imie347,nazwisko347,90
imie348,nazwisko348,90
imie349,nazwisko349,90
imie350,nazwisko350,90
imie351,nazwisko351,90
imie352,nazwisko352,90
imie353,nazwisko353,90
imie354,nazwisko354,89
imie355,nazwisko355,89
imie356,nazwisko356,89
imie357,nazwisko357,89
imie358,nazwisko358,89
imie359,nazwisko359,89
imie360,nazwisko360,89
imie361,nazwisko361,89
imie362,nazwisko362,89
imie363,nazwisko363,89
imie364,nazwisko364,89
imie365,nazwisko365,88
imie366,nazwisko366,88
imie367,nazwisko367,88
imie368,nazwisko368,88
imie369,nazwisko369,88
imie370,nazwisko370,88
imie371,nazwisko371,88
imie372,nazwisko372,88
imie373,nazwisko373,88
imie374,nazwisko374,88
imie375,nazwisko375,88
imie376,nazwisko376,87
imie377,nazwisko377,87
imie378,nazwisko378,87
imie379,nazwisko379,87
imie380,nazwisko380,87
imie381,nazwisko381,87
imie382,nazwisko382,87
imie383,nazwisko383,87
imie384,nazwisko384,87
imie385,nazwisko385,87
imie386,nazwisko386,87
imie387,nazwisko387,87
imie388,nazwisko388,86
imie389,nazwisko389,86
imie390,nazwisko390,86
imie391,nazwisko391,86
imie392,nazwisko392,86
imie393,nazwisko393,86
imie394,nazwisko394,86
imie395,nazwisko395,86
imie396,nazwisko396,86
imie397,nazwisko397,86
imie398,nazwisko398,86
imie399,nazwisko399,85
imie400,nazwisko400,85
imie401,nazwisko401,85
imie402,nazwisko402,85
imie403,nazwisko403,85
imie404,nazwisko404,85
imie405,nazwisko405,85
imie406,nazwisko406,85
imie407,nazwisko407,85
imie408,nazwisko408,85
imie409,nazwisko409,85
imie410,nazwisko410,85
imie411,nazwisko411,84
imie412,nazwisko412,84
imie413,nazwisko413,84
imie414,nazwisko414,84
imie415,nazwisko415,84
imie416,nazwisko416,84
imie417,nazwisko417,84
imie418,nazwisko418,84
imie419,nazwisko419,84
imie420,nazwisko420,84
imie421,nazwisko421,84
imie422,nazwisko422,83
imie423,nazwisko423,83
imie424,nazwisko424,83
imie425,nazwisko425,83
imie426,nazwisko426,83
imie427,nazwisko427,83
imie428,nazwisko428,83
imie429,nazwisko429,83
imie430,nazwisko430,83
imie431,nazwisko431,83
imie432,nazwisko432,83
imie433,nazwisko433,82
imie434,nazwisko434,82
imie435,nazwisko435,82
imie436,nazwisko436,82
imie437,nazwisko437,82
imie438,nazwisko438,82
imie439,nazwisko439,82
imie440,nazwisko440,82
imie441,nazwisko441,82
imie442,nazwisko442,82
imie443,nazwisko443,82
imie444,nazwisko444,82
imie445,nazwisko445,81
imie446,nazwisko446,81
imie447,nazwisko447,81
imie448,nazwisko448,81
imie449,nazwisko449,81
imie450,nazwisko450,81
imie451,nazwisko451,81
imie452,nazwisko452,81
imie453,nazwisko453,81
imie454,nazwisko454,81
imie455,nazwisko455,81
imie456,nazwisko456,80
imie457,nazwisko457,80
imie458,nazwisko458,80
imie459,nazwisko459,80
imie460,nazwisko460,80
imie461,nazwisko461,80
imie462,nazwisko462,80
imie463,nazwisko463,80
imie464,nazwisko464,80
imie465,nazwisko465,80
imie466,nazwisko466,80
imie467,nazwisko467,80
imie468,nazwisko468,79
imie469,nazwisko469,79
imie470,nazwisko470,79
imie471,nazwisko471,79
imie472,nazwisko472,79
imie473,nazwisko473,79
imie474,nazwisko474,79
imie475,nazwisko475,79
imie476,nazwisko476,79
imie477,nazwisko477,79
imie478,nazwisko478,79
imie479,nazwisko479,78
imie480,nazwisko480,78
imie481,nazwisko481,78
imie482,nazwisko482,78
imie483,nazwisko483,78
imie484,nazwisko484,78
imie485,nazwisko485,78
imie486,nazwisko486,78
imie487,nazwisko487,78
imie488,nazwisko488,78
imie489,nazwisko489,78
imie490,nazwisko490,78
imie491,nazwisko491,77
imie492,nazwisko492,77
imie493,nazwisko493,77
imie494,nazwisko494,77
imie495,nazwisko495,77
imie496,nazwisko496,77
imie497,nazwisko497,77
imie498,nazwisko498,77
imie499,nazwisko499,77
imie500,nazwisko500,77
imie501,nazwisko501,77
imie502,nazwisko502,76
imie503,nazwisko503,76
imie504,nazwisko504,76
imie505,nazwisko505,76
imie506,nazwisko506,76
imie507,nazwisko507,76
imie508,nazwisko508,76
imie509,nazwisko509,76
imie510,nazwisko510,76
imie511,nazwisko511,76
imie512,nazwisko512,76
imie513,nazwisko513,75
imie514,nazwisko514,75
imie515,nazwisko515,75
imie516,nazwisko516,75
imie517,nazwisko517,75
imie518,nazwisko518,75
imie519,nazwisko519,75
imie520,nazwisko520,75
imie521,nazwisko521,75
imie522,nazwisko522,75
imie523,nazwisko523,75
imie524,nazwisko524,75
imie525,nazwisko525,74
imie526,nazwisko526,74
imie527,nazwisko527,74
imie528,nazwisko528,74
imie529,nazwisko529,74
imie530,nazwisko530,74
imie531,nazwisko531,74
imie532,nazwisko532,74
imie533,nazwisko533,74
imie534,nazwisko534,74
imie535,nazwisko535,74
imie536,nazwisko536,73
imie537,nazwisko537,73
imie538,nazwisko538,73
imie539,nazwisko539,73
imie540,nazwisko540,73
imie541,nazwisko541,73
imie542,nazwisko542,73
imie543,nazwisko543,73
imie544,nazwisko544,73
imie545,nazwisko545,73
imie546,nazwisko546,73
imie547,nazwisko547,73
imie548,nazwisko548,72
imie549,nazwisko549,72
imie550,nazwisko550,72
imie551,nazwisko551,72
imie552,nazwisko552,72
imie553,nazwisko553,72
imie554,nazwisko554,72
imie555,nazwisko555,72
imie556,nazwisko556,72
imie557,nazwisko557,72
imie558,nazwisko558,72
imie559,nazwisko559,71
imie560,nazwisko560,71
imie561,nazwisko561,71
imie562,nazwisko562,71
imie563,nazwisko563,71
imie564,nazwisko564,71
imie565,nazwisko565,71
imie566,nazwisko566,71
imie567,nazwisko567,71
imie568,nazwisko568,71
imie569,nazwisko569,71
imie570,nazwisko570,70
imie571,nazwisko571,70
imie572,nazwisko572,70
imie573,nazwisko573,70
imie574,nazwisko574,70
imie575,nazwisko575,70
imie576,nazwisko576,70
imie577,nazwisko577,70
imie578,nazwisko578,70
imie579,nazwisko579,70
imie580,nazwisko580,70
imie581,nazwisko581,70
imie582,nazwisko582,69
imie583,nazwisko583,69
imie584,nazwisko584,69
imie585,nazwisko585,69
imie586,nazwisko586,69
imie587,nazwisko587,69
imie588,nazwisko588,69
imie589,nazwisko589,69
imie590,nazwisko590,69
imie591,nazwisko591,69
imie592,nazwisko592,69
imie593,nazwisko593,68
imie594,nazwisko594,68
imie595,nazwisko595,68
imie596,nazwisko596,68
imie597,nazwisko597,68
imie598,nazwisko598,68
imie599,nazwisko599,68
imie600,nazwisko600,68
imie601,nazwisko601,68
imie602,nazwisko602,68
imie603,nazwisko603,68
imie604,nazwisko604,68
imie605,nazwisko605,67
imie606,nazwisko606,67
imie607,nazwisko607,67
imie608,nazwisko608,67
imie609,nazwisko609,67
imie610,nazwisko610,67
imie611,nazwisko611,67
imie612,nazwisko612,67
imie613,nazwisko613,67
imie614,nazwisko614,67
imie615,nazwisko615,67
imie616,nazwisko616,66
imie617,nazwisko617,66
imie618,nazwisko618,66
imie619,nazwisko619,66
imie620,nazwisko620,66
imie621,nazwisko621,66
imie622,nazwisko622,66
imie623,nazwisko623,66
imie624,nazwisko624,66
imie625,nazwisko625,66
imie626,nazwisko626,66
imie627,nazwisko627,65
imie628,nazwisko628,65
imie629,nazwisko629,65
imie630,nazwisko630,65
imie631,nazwisko631,65
imie632,nazwisko632,65
imie633,nazwisko633,65
imie634,nazwisko634,65
imie635,nazwisko635,65
imie636,nazwisko636,65
imie637,nazwisko637,65
imie638,nazwisko638,65
imie639,nazwisko639,64
imie640,nazwisko640,64
imie641,nazwisko641,64
imie642,nazwisko642,64
imie643,nazwisko643,64
imie644,nazwisko644,64
imie645,nazwisko645,64
imie646,nazwisko646,64
imie647,nazwisko647,64
imie648,nazwisko648,64
imie649,nazwisko649,64
imie650,nazwisko650,63
imie651,nazwisko651,63
imie652,nazwisko652,63
imie653,nazwisko653,63
imie654,nazwisko654,63
imie655,nazwisko655,63
imie656,nazwisko656,63
imie657,nazwisko657,63
imie658,nazwisko658,63
imie659,nazwisko659,63
imie660,nazwisko660,63
imie661,nazwisko661,63
imie662,nazwisko662,62
imie663,nazwisko663,62
imie664,nazwisko664,62
imie665,nazwisko665,62
imie666,nazwisko666,62
imie667,nazwisko667,62
imie668,nazwisko668,62
imie669,nazwisko669,62
imie670,nazwisko670,62
imie671,nazwisko671,62
imie672,nazwisko672,62
imie673,nazwisko673,61
imie674,nazwisko674,61
imie675,nazwisko675,61
imie676,nazwisko676,61
imie677,nazwisko677,61
imie678,nazwisko678,61
imie679,nazwisko679,61
imie680,nazwisko680,61
imie681,nazwisko681,61
imie682,nazwisko682,61
imie683,nazwisko683,61
imie684,nazwisko684,61
imie685,nazwisko685,60
imie686,nazwisko686,60
imie687,nazwisko687,60
imie688,nazwisko688,60
imie689,nazwisko689,60
imie690,nazwisko690,60
imie691,nazwisko691,60
imie692,nazwisko692,60
imie693,nazwisko693,60
imie694,nazwisko694,60
imie695,nazwisko695,60
imie696,nazwisko696,59
imie697,nazwisko697,59
imie698,nazwisko698,59
imie699,nazwisko699,59
imie700,nazwisko700,59
imie701,nazwisko701,59
imie702,nazwisko702,59
imie703,nazwisko703,59
imie704,nazwisko704,59
imie705,nazwisko705,59
imie706,nazwisko706,59
imie707,nazwisko707,58
imie708,nazwisko708,58
imie709,nazwisko709,58
imie710,nazwisko710,58
imie711,nazwisko711,58
imie712,nazwisko712,58
imie713,nazwisko713,58
imie714,nazwisko714,58
imie715,nazwisko715,58
imie716,nazwisko716,58
imie717,nazwisko717,58
imie718,nazwisko718,58
imie719,nazwisko719,57
imie720,nazwisko720,57
imie721,nazwisko721,57
imie722,nazwisko722,57
imie723,nazwisko723,57
imie724,nazwisko724,57
imie725,nazwisko725,57
imie726,nazwisko726,57
imie727,nazwisko727,57
imie728,nazwisko728,57
imie729,nazwisko729,57
imie730,nazwisko730,56
imie731,nazwisko731,56
imie732,nazwisko732,56
imie733,nazwisko733,56
imie734,nazwisko734,56
imie735,nazwisko735,56
imie736,nazwisko736,56
imie737,nazwisko737,56
imie738,nazwisko738,56
imie739,nazwisko739,56
imie740,nazwisko740,56
imie741,nazwisko741,56
imie742,nazwisko742,55
imie743,nazwisko743,55
imie744,nazwisko744,55
imie745,nazwisko745,55
imie746,nazwisko746,55
imie747,nazwisko747,55
imie748,nazwisko748,55
imie749,nazwisko749,55
imie750,nazwisko750,55
imie751,nazwisko751,55
imie752,nazwisko752,55
imie753,nazwisko753,54
imie754,nazwisko754,54
imie755,nazwisko755,54
imie756,nazwisko756,54
imie757,nazwisko757,54
imie758,nazwisko758,54
imie759,nazwisko759,54
imie760,nazwisko760,54
imie761,nazwisko761,54
imie762,nazwisko762,54
imie763,nazwisko763,54
imie764,nazwisko764,53
imie765,nazwisko765,53
imie766,nazwisko766,53
imie767,nazwisko767,53
imie768,nazwisko768,53
imie769,nazwisko769,53
imie770,nazwisko770,53
imie771,nazwisko771,53
imie772,nazwisko772,53
imie773,nazwisko773,53
imie774,nazwisko774,53
imie775,nazwisko775,53
imie776,nazwisko776,52
imie777,nazwisko777,52
imie778,nazwisko778,52
imie779,nazwisko779,52
imie780,nazwisko780,52
imie781,nazwisko781,52
imie782,nazwisko782,52
imie783,nazwisko783,52
imie784,nazwisko784,52
imie785,nazwisko785,52
imie786,nazwisko786,52
imie787,nazwisko787,51
imie788,nazwisko788,51
imie789,nazwisko789,51
imie790,nazwisko790,51
imie791,nazwisko791,51
imie792,nazwisko792,51
imie793,nazwisko793,51
imie794,nazwisko794,51
imie795,nazwisko795,51
imie796,nazwisko796,51
imie797,nazwisko797,51
imie798,nazwisko798,51
imie799,nazwisko799,50
imie800,nazwisko800,50
imie801,nazwisko801,50
imie802,nazwisko802,50
imie803,nazwisko803,50
imie804,nazwisko804,50
imie805,nazwisko805,50
imie806,nazwisko806,50
imie807,nazwisko807,50
imie808,nazwisko808,50
imie809,nazwisko809,50
imie810,nazwisko810,49
imie811,nazwisko811,49
imie812,nazwisko812,49
imie813,nazwisko813,49
imie814,nazwisko814,49
imie815,nazwisko815,49
imie816,nazwisko816,49
imie817,nazwisko817,49
imie818,nazwisko818,49
imie819,nazwisko819,49
imie820,nazwisko820,49
imie821,nazwisko821,49
imie822,nazwisko822,48
imie823,nazwisko823,48
imie824,nazwisko824,48
imie825,nazwisko825,48
imie826,nazwisko826,48
imie827,nazwisko827,48
imie828,nazwisko828,48
imie829,nazwisko829,48
imie830,nazwisko830,48
imie831,nazwisko831,48
imie832,nazwisko832,48
imie833,nazwisko833,47
imie834,nazwisko834,47
imie835,nazwisko835,47
imie836,nazwisko836,47
imie837,nazwisko837,47
imie838,nazwisko838,47
imie839,nazwisko839,47
imie840,nazwisko840,47
imie841,nazwisko841,47
imie842,nazwisko842,47
imie843,nazwisko843,47
imie844,nazwisko844,46
imie845,nazwisko845,46
imie846,nazwisko846,46
imie847,nazwisko847,46
imie848,nazwisko848,46
imie849,nazwisko849,46
imie850,nazwisko850,46
imie851,nazwisko851,46
imie852,nazwisko852,46
imie853,nazwisko853,46
imie854,nazwisko854,46
imie855,nazwisko855,46
imie856,nazwisko856,45
imie857,nazwisko857,45
imie858,nazwisko858,45
imie859,nazwisko859,45
imie860,nazwisko860,45
imie861,nazwisko861,45
imie862,nazwisko862,45
imie863,nazwisko863,45
imie864,nazwisko864,45
imie865,nazwisko865,45
imie866,nazwisko866,45
imie867,nazwisko867,44
imie868,nazwisko868,44
imie869,nazwisko869,44
imie870,nazwisko870,44
imie871,nazwisko871,44
imie872,nazwisko872,44
imie873,nazwisko873,44
imie874,nazwisko874,44
imie875,nazwisko875,44
imie876,nazwisko876,44
imie877,nazwisko877,44
imie878,nazwisko878,44
imie879,nazwisko879,43
imie880,nazwisko880,43
imie881,nazwisko881,43
imie882,nazwisko882,43
imie883,nazwisko883,43
imie884,nazwisko884,43
imie885,nazwisko885,43
imie886,nazwisko886,43
imie887,nazwisko887,43
imie888,nazwisko888,43
imie889,nazwisko889,43
imie890,nazwisko890,42
imie891,nazwisko891,42
imie892,nazwisko892,42
imie893,nazwisko893,42
imie894,nazwisko894,42
imie895,nazwisko895,42
imie896,nazwisko896,42
imie897,nazwisko897,42
imie898,nazwisko898,42
imie899,nazwisko899,42
imie900,nazwisko900,42
imie901,nazwisko901,41
imie902,nazwisko902,41
imie903,nazwisko903,41
imie904,nazwisko904,41
imie905,nazwisko905,41
imie906,nazwisko906,41
imie907,nazwisko907,41
imie908,nazwisko908,41
imie909,nazwisko909,41
imie910,nazwisko910,41
imie911,nazwisko911,41
imie912,nazwisko912,41
imie913,nazwisko913,40
imie914,nazwisko914,40
imie915,nazwisko915,40
imie916,nazwisko916,40
imie917,nazwisko917,40
imie918,nazwisko918,40
imie919,nazwisko919,40
imie920,nazwisko920,40
imie921,nazwisko921,40
imie922,nazwisko922,40
imie923,nazwisko923,40
imie924,nazwisko924,39
imie925,nazwisko925,39
imie926,nazwisko926,39
imie927,nazwisko927,39
imie928,nazwisko928,39
imie929,nazwisko929,39
imie930,nazwisko930,39
imie931,nazwisko931,39
imie932,nazwisko932,39
imie933,nazwisko933,39
imie934,nazwisko934,39
imie935,nazwisko935,39
imie936,nazwisko936,38
imie937,nazwisko937,38
imie938,nazwisko938,38
imie939,nazwisko939,38
imie940,nazwisko940,38
imie941,nazwisko941,38
imie942,nazwisko942,38
imie943,nazwisko943,38
imie944,nazwisko944,38
imie945,nazwisko945,38
imie946,nazwisko946,38
imie947,nazwisko947,37
imie948,nazwisko948,37
imie949,nazwisko949,37
imie950,nazwisko950,37
imie951,nazwisko951,37
imie952,nazwisko952,37
imie953,nazwisko953,37
imie954,nazwisko954,37
imie955,nazwisko955,37
imie956,nazwisko956,37
imie957,nazwisko957,37
imie958,nazwisko958,36
imie959,nazwisko959,36
imie960,nazwisko960,36
imie961,nazwisko961,36
imie962,nazwisko962,36
imie963,nazwisko963,36
imie964,nazwisko964,36
imie965,nazwisko965,36
imie966,nazwisko966,36
imie967,nazwisko967,36
imie968,nazwisko968,36
imie969,nazwisko969,36
imie970,nazwisko970,35
imie971,nazwisko971,35
imie972,nazwisko972,35
imie973,nazwisko973,35
imie974,nazwisko974,35
imie975,nazwisko975,35
imie976,nazwisko976,35
imie977,nazwisko977,35
imie978,nazwisko978,35
imie979,nazwisko979,35
imie980,nazwisko980,35
imie981,nazwisko981,34
imie982,nazwisko982,34
imie983,nazwisko983,34
imie984,nazwisko984,34
imie985,nazwisko985,34
imie986,nazwisko986,34
imie987,nazwisko987,34
imie988,nazwisko988,34
imie989,nazwisko989,34
imie990,nazwisko990,34
imie991,nazwisko991,34
imie992,nazwisko992,34
imie993,nazwisko993,33
imie994,nazwisko994,33
imie995,nazwisko995,33
imie996,nazwisko996,33
imie997,nazwisko997,33
imie998,nazwisko998,33
imie999,nazwisko999,33
imie1000,nazwisko1000,33
